# Generated by CSV reorganiser (09/04/2021, 18:05)
Name,Identifier,something,Gender
Constantine,1,s,M
Torrin,2,s,M
Arley,3,s,M
Arnie,4,s,M
Marni,5,s,F
Imojean,6,s,F
Clayborn,7,s,M
Ronny,8,s,M
Adora,9,s,F
Shae,10,s,M
Amelina,11,s,F
Clari,12,s,F
Sherill,13,s,F
Chantalle,14,s,F
Orton,15,s,M
Brunhilda,16,s,F
Myron,17,s,M
Maxy,18,s,M
Graeme,19,s,M
Larine,20,s,F
Isabeau,21,s,F
Andrea,22,s,F
Harriet,23,s,F
Latisha,24,s,F
Belita,25,s,F
Raddy,26,s,M
Mandi,27,s,F
Marlin,28,s,M
Tracee,29,s,F
Wendell,30,s,M
Jose,31,s,M
Dosi,32,s,F
Yank,33,s,M
Benedikt,34,s,M
Norina,35,s,F
Robena,36,s,F
Viola,37,s,F
Townsend,38,s,M
Wildon,39,s,M
Winifred,40,s,F
